{
    "Abia": 17.937690728996348,
    "Abuja": 18.41755609821187,
    "Akwa Ibom": 17.34779811917576,
    "Anambara": 17.727794815053315,
    "Bayelsa": 17.850963630483182,
    "Borno": 18.46947091764561,
    "Cross River": 17.034386422832473,
    "Delta": 17.765690788219118,
    "Edo": 17.41459716509765,
    "Ekiti": 17.558917923251112,
    "Enugu": 17.820339739541573,
    "Imo": 17.839763010143148,
    "Kaduna": 17.034120987159618,
    "Kano": 17.216707972959764,
    "Katsina": 16.065415509796065,
    "Kogi": 16.95818955052157,
    "Kwara": 16.802044003901663,
    "Lagos": 18.33130247246553,
    "Nasarawa": 16.874342447204665,
    "Niger": 17.50439003707821,
    "Ogun": 16.666327681351447,
    "Osun": 16.8819098142998,
    "Oyo": 17.189384442033447,
    "Plateau": 15.116856419203984,
    "Rivers": 17.978482159983315
}