{
    "Lekki": 0.247911866359447,
    "Ajah": 0.08741359447004608,
    "Ikoyi": 0.06278801843317973,
    "Ikeja": 0.03751440092165899,
    "Port Harcourt": 0.029737903225806453,
    "Ibeju Lekki": 0.029305875576036866,
    "Ibadan": 0.026713709677419355,
    "Gwarinpa": 0.024913594470046083,
    "Victoria Island (VI)": 0.023473502304147464,
    "Magodo": 0.017785138248847927,
    "Ikorodu": 0.016849078341013825,
    "Guzape District": 0.016561059907834103,
    "Maitama District": 0.016561059907834103,
    "Katampe": 0.016273041474654377,
    "Life Camp": 0.015192972350230415,
    "Owerri Municipal": 0.01404089861751152,
    "Lokogoma District": 0.01389688940092166,
    "Isheri North": 0.012456797235023041,
    "Lugbe District": 0.01152073732718894,
    "Mowe Ofada": 0.010296658986175116,
    "Apo": 0.010296658986175116,
    "Wuye": 0.010152649769585253,
    "Asokoro District": 0.00986463133640553,
    "Enugu": 0.008712557603686636,
    "Surulere": 0.008496543778801843,
    "Agege": 0.008496543778801843,
    "Alimosho": 0.008136520737327188,
    "Galadimawa": 0.007200460829493088,
    "Jahi": 0.007056451612903226,
    "Isolo": 0.006840437788018433,
    "Oredo": 0.0064804147465437785,
    "Jabi": 0.006264400921658986,
    "Ipaja": 0.005904377880184331,
    "Yaba": 0.005688364055299539,
    "Ikotun": 0.005400345622119816,
    "Ifako-Ijaiye": 0.005400345622119816,
    "Kubwa": 0.005256336405529954,
    "Ojodu": 0.005256336405529954,
    "Arepo": 0.004968317972350231,
    "Ifo": 0.004608294930875576,
    "Maryland": 0.0045362903225806455,
    "Mabushi": 0.0043922811059907835,
    "Wuse 2": 0.0042482718894009215,
    "Gbagada": 0.003960253456221198,
    "Kaura": 0.0037442396313364054,
    "Karsana": 0.0037442396313364054,
    "Mowe Town": 0.003672235023041475,
    "Asaba": 0.003600230414746544,
    "Gaduwa": 0.0033842165898617512,
    "Wuse": 0.0033122119815668202,
    "Utako": 0.0030961981566820277,
    "Sango Ota": 0.0030241935483870967,
    "Mbora (Nbora)": 0.002880184331797235,
    "Durumi": 0.002880184331797235,
    "Magboro": 0.002808179723502304,
    "Ogudu": 0.002808179723502304,
    "Amuwo Odofin": 0.002808179723502304,
    "Ojo": 0.0025921658986175116,
    "Karmo": 0.0025201612903225806,
    "Ado-Odo/Ota": 0.0024481566820276496,
    "Kado": 0.002376152073732719,
    "Abeokuta South": 0.002232142857142857,
    "Ilupeju": 0.0021601382488479265,
    "Oluyole": 0.0019441244239631337,
    "Garki": 0.001800115207373272,
    "Karu": 0.001800115207373272,
    "Epe": 0.0016561059907834101,
    "Gudu": 0.0016561059907834101,
    "Uyo": 0.0015841013824884793,
    "Ayobo": 0.0015841013824884793,
    "Ibafo": 0.0015120967741935483,
    "Kuje": 0.0014400921658986176,
    "Idu Industrial": 0.0014400921658986176,
    "Owerri West": 0.0013680875576036866,
    "Ketu": 0.0012960829493087558,
    "Obafemi Owode": 0.001152073732718894,
    "Kurudu": 0.001152073732718894,
    "Isheri": 0.001152073732718894,
    "Shomolu": 0.0010800691244239632,
    "Owerri North": 0.0010800691244239632,
    "Simawa": 0.0010800691244239632,
    "Ibadan South-West": 0.0010800691244239632,
    "Kafe": 0.0010080645161290322,
    "Dakwo": 0.0010080645161290322,
    "Kaduna North": 0.0009360599078341013,
    "Ejigbo": 0.0008640552995391706,
    "Oshodi": 0.0007920506912442397,
    "Osogbo": 0.0007920506912442397,
    "Apapa": 0.0007920506912442397,
    "KM 46": 0.0007200460829493088,
    "Karshi": 0.0006480414746543779,
    "Ado-Ekiti": 0.0006480414746543779,
    "Idimu": 0.0006480414746543779,
    "Badagry": 0.0006480414746543779,
    "Aba": 0.000576036866359447,
    "Kukwaba": 0.000576036866359447,
    "Orozo": 0.000576036866359447,
    "Bwari": 0.000576036866359447,
    "Dape": 0.000576036866359447,
    "Kabusa": 0.0005040322580645161,
    "Gwagwalada": 0.0005040322580645161,
    "Dakibiyu": 0.0005040322580645161,
    "Kaduna South": 0.0004320276497695853,
    "Obio-Akpor": 0.0004320276497695853,
    "Akinyele": 0.0003600230414746544,
    "Ibadan North": 0.0003600230414746544,
    "Diplomatic Zones": 0.0003600230414746544,
    "Ijoko": 0.0003600230414746544,
    "Lagos Island": 0.0003600230414746544,
    "Ijaiye": 0.0003600230414746544,
    "Agbara-Igbesa": 0.0003600230414746544,
    "Ogijo": 0.0003600230414746544,
    "Abeokuta North": 0.0003600230414746544,
    "Oke-Aro": 0.0002880184331797235,
    "Ilorin South": 0.0002880184331797235,
    "Duboyi": 0.0002880184331797235,
    "Sagamu": 0.0002880184331797235,
    "Chikun": 0.0002880184331797235,
    "Eleme": 0.0002880184331797235,
    "Kosofe": 0.0002880184331797235,
    "Egor": 0.0002880184331797235,
    "Dutse": 0.0002880184331797235,
    "Mpape": 0.00021601382488479264,
    "Ibadan North-East": 0.00021601382488479264,
    "Nyanya": 0.00021601382488479264,
    "Central Business District": 0.00021601382488479264,
    "Ijebu Ode": 0.00021601382488479264,
    "Ilorin West": 0.00021601382488479264,
    "Mushin": 0.00021601382488479264,
    "Keffi": 0.00021601382488479264,
    "Ido": 0.00021601382488479264,
    "Ijede": 0.00021601382488479264,
    "Wumba": 0.00014400921658986175,
    "Uvwie": 0.00014400921658986175,
    "Ibadan North-West": 0.00014400921658986175,
    "Ilorin East": 0.00014400921658986175,
    "Ewekoro": 0.00014400921658986175,
    "Lokoja": 0.00014400921658986175,
    "Yenagoa": 0.00014400921658986175,
    "Ovia North-East": 0.00014400921658986175,
    "Dei-Dei": 0.00014400921658986175,
    "Imota": 0.00014400921658986175,
    "Warri": 0.00014400921658986175,
    "Udu": 0.00014400921658986175,
    "Eko Atlantic City": 0.00014400921658986175,
    "Afijio": 0.00014400921658986175,
    "Calabar": 0.00014400921658986175,
    "Kagini": 0.00014400921658986175,
    "Ikot Ekpene": 0.00014400921658986175,
    "Akure": 0.00014400921658986175,
    "Kyami": 0.00014400921658986175,
    "Okpe": 7.200460829493088e-05,
    "Nasarawa": 7.200460829493088e-05,
    "Ojota": 7.200460829493088e-05,
    "Umuahia": 7.200460829493088e-05,
    "Ijesha": 7.200460829493088e-05,
    "Okene": 7.200460829493088e-05,
    "Aniocha South": 7.200460829493088e-05,
    "Oyigbo": 7.200460829493088e-05,
    "Ikwerre": 7.200460829493088e-05,
    "Ibarapa North": 7.200460829493088e-05,
    "Nassarawa": 7.200460829493088e-05,
    "Mararaba": 7.200460829493088e-05,
    "Uhunmwonde": 7.200460829493088e-05,
    "Ughelli North": 7.200460829493088e-05,
    "Ibeju": 7.200460829493088e-05,
    "Abraka": 7.200460829493088e-05,
    "Paikoro": 7.200460829493088e-05,
    "Ughelli South": 7.200460829493088e-05,
    "Jos South": 7.200460829493088e-05,
    "Dekina": 7.200460829493088e-05,
    "Oyo West": 7.200460829493088e-05,
    "Egbe": 7.200460829493088e-05,
    "Kusada": 7.200460829493088e-05,
    "Danja": 7.200460829493088e-05,
    "Yewa South": 7.200460829493088e-05,
    "Oke-Odo": 7.200460829493088e-05,
    "Ede South": 7.200460829493088e-05,
    "Jikwoyi": 7.200460829493088e-05,
    "Agbara": 7.200460829493088e-05,
    "Eket": 7.200460829493088e-05,
    "Kano": 7.200460829493088e-05,
    "Egbeda": 7.200460829493088e-05,
    "Ethiope West": 7.200460829493088e-05,
    "Guzamala": 7.200460829493088e-05,
    "Jos North": 7.200460829493088e-05,
    "Orile": 7.200460829493088e-05,
    "Ohaji/Egbema": 7.200460829493088e-05,
    "Ikpoba Okha": 7.200460829493088e-05
}